6,2023,Emilia Romagna,May 21,06:00:00
7,2023,Monaco,May 28,06:00:00
8,2023,Spanish,June 4,06:00:00
9,2023,Canadian,June 18,11:00:00
10,2023,Austrian,July 2,06:00:00
11,2023,British,July 9,07:00:00
12,2023,Hungarian,July 23,06:00:00
13,2023,Belgian,July 30,06:00:00
14,2023,Dutch,August 27,06:00:00
15,2023,Italian,September 3,06:00:00
16,2023,Singapore,September 17,05:00:00
17,2023,Japanese,September 24,22:00:00
18,2023,Qatar,October 8,07:00:00
19,2023,USA,October 22,12:00:00
20,2023,Mexico,October 29,13:00:00
21,2023,Brazilian,November 5,09:00:00
22,2023,Las Vegas,November 18,22:00:00
23,2023,Abu Dhabi,November 26,05:00:00